{
    "_,y@_": 0.8202857971191406,
    "_,y@!": 0.8190498352050781,
    "_,y@2": 0.8187922239303589
}