{
    "),on#": 0.7839834690093994,
    "),w/#": 0.7835165858268738,
    "),on@": 0.7821439504623413
}