{
    "w/caw": 0.8380438685417175,
    "|'caw": 0.8226413726806641,
    "\\-caw": 0.8185067176818848
}