{
    "w/an": 0.812406063079834,
    "as#": 0.8115703463554382,
    "in": 0.8103998899459839
}