{
    ",and#": 0.7686413526535034,
    ",and@": 0.7659030556678772,
    ".and#": 0.7619005441665649
}