{
    "viv!:": 0.6645132303237915,
    "viv#": 0.6608860492706299,
    "viv.#": 0.6598395109176636
}