{
    "viv!:": 0.6726478338241577,
    "viv#": 0.668107271194458,
    "viv.#": 0.6656169295310974
}