{
    "/meow": 0.8833069801330566,
    ",meow": 0.8787369728088379,
    "(meow": 0.8712615370750427
}