{
    ",and@": 0.8095552921295166,
    ",and,": 0.8072530031204224,
    "\\^and": 0.8009020090103149
}