{
    "\\ax-y": 0.8286564946174622,
    "/ax-y": 0.8275303840637207,
    "\\ax).": 0.8246238827705383
}