{
    "(s).)": 0.7830867767333984,
    "(s).": 0.7818674445152283,
    "(s)).": 0.7812176942825317
}