{
    "/ak45": 0.7105394005775452,
    "/ak4(": 0.7041854858398438,
    "atf>j": 0.703594982624054
}