{
    "cup·d": 0.7095026969909668,
    "cup_p": 0.7068992853164673,
    "cup·y": 0.705647885799408
}