{
    "=1lps": 0.7157300114631653,
    "n·lps": 0.6957492828369141,
    "^2lps": 0.6887437105178833
}