{
    ".and#": 0.7619005441665649,
    ",in#": 0.7615190744400024,
    "at#": 0.7611850500106812
}