{
    "w/#2a": 0.7607349157333374,
    "(w/22": 0.7595497369766235,
    "w/ak4": 0.7560349702835083
}