{
    "p%cd·": 0.684333324432373,
    "p·qr:": 0.6815460920333862,
    "p·qr": 0.6815429925918579
}