{
    "pl·dl": 0.6825149059295654,
    "\\z%cd": 0.6797904968261719,
    "\\z,wd": 0.676095187664032
}