{
    "n/by#": 0.770415186882019,
    "n/by,": 0.7692211866378784,
    "n/by.": 0.7661842107772827
}