{
    "##in#": 0.7364869117736816,
    "#!(!)": 0.7362644672393799,
    "n@_i#": 0.7346314787864685
}