{
    "/mt.": 0.8608708381652832,
    ",mt.": 0.8552634716033936,
    "/mt.i": 0.8488651514053345
}