{
    "/ax/-": 0.8295955657958984,
    "/ax.": 0.8277519345283508,
    "/ax-y": 0.8275303840637207
}