{
    "ax.ii": 0.8782761096954346,
    "ax.'s": 0.8772158622741699,
    "ax,in": 0.8755494952201843
}