{
    "n@zx6": 0.751734733581543,
    "(?)2t": 0.7260838747024536,
    "(_)2t": 0.7185834050178528
}