{
    "(for)": 0.7862775325775146,
    "'for#": 0.7822901010513306,
    "(.or#": 0.7788661122322083
}