{
    "..(-)": 0.7472760677337646,
    "..(()": 0.7461717128753662,
    "_,i-)": 0.7459757328033447
}