{
    "n/@a)": 0.7383654117584229,
    "n/@te": 0.7377643585205078,
    "n/@t_": 0.7357527017593384
}