{
    "pb)/i": 0.6704388856887817,
    "pb?!i": 0.6595157384872437,
    "pb);i": 0.6586052775382996
}