{
    ",w(?)": 0.7495667934417725,
    "(~(?)": 0.7397327423095703,
    "(>(!)": 0.7376208305358887
}