{
    ")-box": 0.700982928276062,
    "y~box": 0.7005710601806641,
    "a~box": 0.6970909833908081
}