{
    "a~box": 0.7068819999694824,
    ")-box": 0.7051811218261719,
    "'~box": 0.6973072290420532
}