{
    "8pt's": 0.7811058163642883,
    "8pt||": 0.7710330486297607,
    "8pt!.": 0.7638953924179077
}