{
    "n<fox": 0.8185046911239624,
    "n~fox": 0.8161298036575317,
    "n#fox": 0.8135100603103638
}