{
    "and.@": 0.806773841381073,
    "and/@": 0.8062793612480164,
    "and/a": 0.8055922985076904
}