{
    "(so).": 0.7838019132614136,
    ",food": 0.7822661995887756,
    ",do).": 0.7820446491241455
}