{
    ",orb,": 0.8370846509933472,
    ",orb;": 0.8351324796676636,
    ",orb^": 0.833235502243042
}