{
    "bb9x|": 0.7390714287757874,
    ">bb8@": 0.7283958196640015,
    "bb9xr": 0.7280383706092834
}