{
    "·miow": 0.8564702272415161,
    "meoow": 0.8559368848800659,
    "meouw": 0.8501954078674316
}