{
    "/meow": 0.8719627857208252,
    "imeow": 0.8605988025665283,
    ",meow": 0.8554918169975281
}