{
    ",some": 0.7903680801391602,
    ",came": 0.7860035300254822,
    "#),in": 0.7847564220428467
}