{
    "3=bb8": 0.7457526326179504,
    "3=bb9": 0.7414677143096924,
    "bb9x|": 0.7390714287757874
}