{
    "m/y!,": 0.8529751300811768,
    "m/y'm": 0.8486075401306152,
    "f/y1i": 0.8458263874053955
}