{
    "~\\~on": 0.738624095916748,
    "...ii": 0.7355678081512451,
    "\\...": 0.7354322075843811
}