{
    "-bug@": 0.690815269947052,
    "fbug#": 0.6891591548919678,
    "-bug/": 0.6889770030975342
}