{
    "frog\\": 0.7023961544036865,
    "frog@": 0.7013958692550659,
    "frog#": 0.7002740502357483
}