{
    "n'ggs": 0.7747249603271484,
    "p'ggs": 0.7388252019882202,
    "o'ggs": 0.7382711172103882
}