{
    "3qsdg": 0.6549736857414246,
    "n·bao": 0.6489609479904175,
    "1qsdg": 0.6455461978912354
}