{
    "),on#": 0.7839834690093994,
    "),on@": 0.7821439504623413,
    "_,i).": 0.7815650701522827
}