{
    "in#).": 0.7072258591651917,
    "in#-#": 0.7072042226791382,
    "in#)!": 0.70669025182724
}