{
    "'ovua": 0.7245559692382812,
    "/ovua": 0.7232071757316589,
    "/ovum": 0.7221925258636475
}