{
    "n-mew": 0.8327391147613525,
    "nymew": 0.8165751695632935,
    "n(mew": 0.8016989231109619
}