{
    "n-mew": 0.8370596170425415,
    "n(mew": 0.803698718547821,
    "wkmew": 0.802915096282959
}