{
    "a38km": 0.6447857022285461,
    "y@·d'": 0.6300334930419922,
    "rd#3d": 0.6294919848442078
}