{
    "3z6km": 0.6627570390701294,
    "a38km": 0.6560776233673096,
    "48sky": 0.6542935967445374
}