{
    "_,en2": 0.8278616666793823,
    "_,y@": 0.8260881900787354,
    "_,in'": 0.8234477043151855
}