{
    "\\hdrs": 0.6581910848617554,
    "\\odra": 0.6562997102737427,
    "_hdrs": 0.655849814414978
}