{
    "w/mt.": 0.8890658020973206,
    ",mt.": 0.8552634716033936,
    ",mt.i": 0.8378362655639648
}