{
    ",2smg": 0.7419732213020325,
    ">=smg": 0.7227808237075806,
    "=2smg": 0.718828558921814
}