{
    ",@#of": 0.776827335357666,
    "(@#of": 0.7766925096511841,
    "()!),": 0.7740126848220825
}