{
    "n'bb8": 0.7212691903114319,
    "=bb8,": 0.708687424659729,
    "!=bb8": 0.7085553407669067
}