{
    "=s/v@": 0.8246735334396362,
    "=s/v.": 0.8202135562896729,
    ":s/v8": 0.8192559480667114
}