{
    "saxgg": 0.6557594537734985,
    "scax#": 0.6477267146110535,
    "0ax)!": 0.647383451461792
}