{
    "s0mu!": 0.7094484567642212,
    "s0mu,": 0.7036182284355164,
    "s0mu.": 0.7035461664199829
}