{
    "a28km": 0.6755556464195251,
    "a26km": 0.6689058542251587,
    "sky2x": 0.6680096387863159
}