{
    "a36km": 0.6375226378440857,
    "vs%.k": 0.633604884147644,
    "9km^z": 0.6326713562011719
}