{
    "pit?a": 0.7575820684432983,
    "pit'!": 0.7537084221839905,
    "pit^2": 0.7536808252334595
}