{
    "(s)),": 0.8155429363250732,
    "(s.),": 0.8138233423233032,
    "(s).,": 0.8134533762931824
}