{
    "@=^'n": 0.7499668598175049,
    "@=^.n": 0.7435914874076843,
    "@=^!v": 0.7417261600494385
}