{
    "k9icz": 0.7553325891494751,
    "k*icz": 0.7173081636428833,
    "k-icz": 0.7163252830505371
}