{
    "eggbb": 0.7782979011535645,
    "eggbo": 0.7738454341888428,
    "eggr.": 0.7715921401977539
}