{
    "n'j~@": 0.686294436454773,
    "n'j.@": 0.6788522601127625,
    "n'j@f": 0.6784152984619141
}