{
    "=1fis": 0.6950591206550598,
    "=1fig": 0.6768099069595337,
    ">ij,b": 0.6707965135574341
}