{
    "=1fis": 0.7010388374328613,
    "=1fig": 0.6749317049980164,
    "b%n*s": 0.6673967838287354
}