{
    "(nr!)": 0.8036006689071655,
    "(or')": 0.8027756810188293,
    "(in')": 0.7996745109558105
}