{
    "(i)!)": 0.8070582151412964,
    "(s(?)": 0.8048373460769653,
    "(~#).": 0.8039001226425171
}