{
    "a28km": 0.6755556464195251,
    "a-8km": 0.6745795011520386,
    "nj6km": 0.674420952796936
}