{
    "..(!)": 0.7318594455718994,
    ",,(!)": 0.7292789220809937,
    "..2).": 0.7290908098220825
}