{
    "cup_p": 0.7083444595336914,
    "cup_|": 0.7081806659698486,
    "cup·d": 0.7040774822235107
}