{
    "wdtcp": 0.6989532709121704,
    "3pot·": 0.6922654509544373,
    "l%)t.": 0.6880416870117188
}