{
    "s/v3^": 0.8213142156600952,
    "s/v2^": 0.8198912143707275,
    "s/v8^": 0.816814661026001
}