{
    ".by.#": 0.7594685554504395,
    ";by,.": 0.7568653225898743,
    "!by.#": 0.7537084817886353
}