{
    "2l,2t": 0.6846007704734802,
    "2l,2x": 0.6837885975837708,
    "2l?2x": 0.6791895031929016
}