{
    ",at.@": 0.7544351816177368,
    "f/-w,": 0.75103759765625,
    ",at/@": 0.7504178285598755
}