{
    "and,a": 0.769620418548584,
    "and,i": 0.7641007900238037,
    "and.a": 0.7617089748382568
}