{
    "n@_": 0.7841837406158447,
    "n@_dd": 0.7823985815048218,
    "n@dd_": 0.7799100279808044
}