{
    "n/ox.": 0.7472013831138611,
    "n/ox:": 0.7432925701141357,
    "n/ox": 0.7419455647468567
}