{
    "ox#dp": 0.7310376167297363,
    "nd=mn": 0.728504478931427,
    "nd=yd": 0.7282360792160034
}