{
    "(~#).": 0.8039001226425171,
    "(i)).": 0.8005377054214478,
    "(b!?!": 0.7991883754730225
}