{
    "ij.ii": 0.7427992820739746,
    "60'i": 0.7359287142753601,
    "60'i,": 0.7355841994285583
}