{
    "ij.ii": 0.8119564056396484,
    "ij62'": 0.8027950525283813,
    "ij62^": 0.8012912273406982
}