{
    "w/bjd": 0.7278645634651184,
    "</bjd": 0.7157478332519531,
    "/3bjd": 0.7082710266113281
}