{
    "w/bjd": 0.7268816232681274,
    "</bjd": 0.7187426090240479,
    "/3bjd": 0.7100982666015625
}