{
    "=1fis": 0.7010388374328613,
    "=1fig": 0.6749317049980164,
    "=f!ij": 0.6628634929656982
}