{
    "=1fis": 0.6950591206550598,
    "=1fig": 0.6768099069595337,
    "n*ss~": 0.6609381437301636
}