{
    "n^(!)": 0.7778912782669067,
    ",<(!)": 0.7776386141777039,
    "^i(!)": 0.7765066623687744
}