{
    "(s).)": 0.7830867767333984,
    "(s)-)": 0.7792731523513794,
    "(d)?)": 0.7789461612701416
}