{
    "\\bee@": 0.6100262999534607,
    "\\bee^": 0.6067315936088562,
    "\\bee#": 0.6056182384490967
}