{
    "ebi.@": 0.609379768371582,
    "\\bee@": 0.6044719815254211,
    "\\bee^": 0.6007925271987915
}