{
    "x2l!:": 0.746891975402832,
    "x2l:": 0.7448703050613403,
    "x2l!,": 0.7445346117019653
}