{
    "(icy1": 0.780096173286438,
    ",icy,": 0.7742257714271545,
    "(icy!": 0.77320396900177
}