{
    "3#kaa": 0.7945644855499268,
    "2#kaa": 0.7937504053115845,
    "1#kaa": 0.7936000823974609
}