{
    "_'boa": 0.767396867275238,
    "auboa": 0.7496778964996338,
    "-#boa": 0.7421432137489319
}