{
    "n##2t": 0.729216456413269,
    "!|#2t": 0.7280959486961365,
    "()#2t": 0.7227457761764526
}