{
    "w/ken": 0.6630462408065796,
    "w/kei": 0.6255333423614502,
    "n@_z~": 0.6196178793907166
}