{
    "w/zyi": 0.6114988327026367,
    "n@_z~": 0.6026034355163574,
    "w/fay": 0.595477283000946
}