{
    "zlggs": 0.8047662377357483,
    "qlggs": 0.7825801372528076,
    "n'ggs": 0.7747249603271484
}