{
    "/sqlz": 0.6848913431167603,
    "\\sqlz": 0.6684058904647827,
    "\\sqlj": 0.6541146039962769
}