{
    "x2,1l": 0.7187505960464478,
    "x2,5l": 0.7178522348403931,
    "x2x1l": 0.7165117859840393
}