{
    ")@-4c": 0.7000020742416382,
    "=@-3c": 0.6997792720794678,
    "icy'2": 0.6985731720924377
}