{
    "*@-8@": 0.7068439722061157,
    ")@-4c": 0.6960301399230957,
    "=@-4c": 0.6959993839263916
}