{
    "=~,^#": 0.8439632058143616,
    ".=,^!": 0.8428353071212769,
    ".=,^#": 0.8393194079399109
}