{
    "pud?·": 0.691948413848877,
    "pud?f": 0.6908019781112671,
    "nd2lp": 0.6868284344673157
}