{
    "n·dlp": 0.682895302772522,
    "nd2lp": 0.6826813220977783,
    "22xlp": 0.6819795370101929
}