{
    "/vygg": 0.7717124223709106,
    "'orgg": 0.7696332931518555,
    "/mygg": 0.7672795057296753
}