{
    ".,at#": 0.7531145215034485,
    "),at#": 0.751377522945404,
    "),at@": 0.7512277960777283
}