{
    "f\\w@1": 0.6684579253196716,
    "f\\w@x": 0.6679821610450745,
    "f\\w@8": 0.6663020849227905
}