{
    "@8*f@": 0.7183740139007568,
    "@8*f#": 0.715196430683136,
    "@8*f*": 0.7139408588409424
}