{
    "nd@dd": 0.5718837976455688,
    "n^@_z": 0.5648059844970703,
    "nd@x2": 0.5618335604667664
}