{
    "gal/z": 0.613993763923645,
    "gal(z": 0.6111021041870117,
    "grl/w": 0.6036297082901001
}