{
    "'coq~": 0.7114502191543579,
    "'coq(": 0.7090833783149719,
    "'coq.": 0.7079117298126221
}