{
    "'gull": 0.8040980100631714,
    "wbul~": 0.8003681898117065,
    "1gull": 0.7966285943984985
}