{
    "sax^2": 0.6381115913391113,
    "a,xkr": 0.6325387954711914,
    ",!xkr": 0.629362940788269
}