{
    "kaa0#": 0.7738030552864075,
    "kaa0_": 0.7721506953239441,
    "kaa?:": 0.7714647054672241
}