{
    "/vygg": 0.7717124223709106,
    "/mygg": 0.7672795057296753,
    "lsygg": 0.7659190893173218
}