{
    "\\\\ant": 0.77183997631073,
    "w/ant": 0.7634303569793701,
    "x\\ant": 0.762193500995636
}