{
    "/jtdf": 0.7029503583908081,
    "kqtdf": 0.6961427927017212,
    "mxtdf": 0.693234920501709
}