{
    ",\\%),": 0.782113790512085,
    "^i!),": 0.780319094657898,
    ",i!).": 0.7802677750587463
}