{
    "sled#": 0.7618340849876404,
    "sled!": 0.7609024047851562,
    "sled|": 0.7606347799301147
}