{
    "box\\#": 0.7382060289382935,
    "box|#": 0.7328010201454163,
    "box\\|": 0.7318426966667175
}