{
    "(2:).": 0.7316263318061829,
    ".,,ii": 0.7296331524848938,
    ",2:).": 0.729239821434021
}