{
    "n@(!)": 0.8174598217010498,
    ",\\(!)": 0.813255786895752,
    ",<(!)": 0.8128310441970825
}