{
    "w/%2a": 0.7704914808273315,
    "(a#2a": 0.7689879536628723,
    ")(#2a": 0.7689781188964844
}