{
    "v#mt.": 0.8029054999351501,
    "w,mt.": 0.7422742247581482,
    "a<mt.": 0.7306726574897766
}