{
    "v#mt.": 0.803586483001709,
    "w,mt.": 0.7425459623336792,
    "a<mt.": 0.7313362956047058
}