{
    "##2t#": 0.7443392276763916,
    "mxtdf": 0.7356995940208435,
    "##2t,": 0.7345641851425171
}