{
    ";on##": 0.7344390153884888,
    ".2...": 0.7332996726036072,
    ".on##": 0.7331236600875854
}