{
    "tpb)/": 0.6601768732070923,
    "pb?!i": 0.6595157384872437,
    "hpb_:": 0.6591064929962158
}