{
    "tpb)/": 0.6496685743331909,
    "tpb?a": 0.6480304002761841,
    "tpb)!": 0.6457829475402832
}