{
    "rv_,a": 0.7453902959823608,
    "60'i": 0.7359287142753601,
    "60'i,": 0.7355841994285583
}