{
    "ij62'": 0.8027950525283813,
    "ij62^": 0.8012912273406982,
    "ij40'": 0.796228289604187
}