{
    "w/bb8": 0.715191125869751,
    "=bb8,": 0.708687424659729,
    "!=bb8": 0.7085553407669067
}