{
    "and@x": 0.6389765739440918,
    "and@_": 0.617251992225647,
    "and@k": 0.616500198841095
}