{
    "and@x": 0.626736044883728,
    "and@k": 0.603213369846344,
    "and@l": 0.601086437702179
}