{
    "(->an": 0.850375771522522,
    "(*/!#": 0.8449583053588867,
    "(*/##": 0.844677209854126
}