{
    "^of##": 0.793610692024231,
    "^of)(": 0.7847726345062256,
    "^of's": 0.7845618724822998
}