{
    "at#_": 0.7698229551315308,
    ":-.#": 0.7679272890090942,
    ",in#": 0.7679070234298706
}