{
    "...ii": 0.7355678081512451,
    "\\...": 0.7354322075843811,
    "...": 0.7353250980377197
}