{
    "@zx6.": 0.7124291658401489,
    "@zx6r": 0.7051876187324524,
    "@zx6#": 0.7047352194786072
}