{
    "@=^##": 0.8236181139945984,
    "@=^--": 0.8211859464645386,
    "@=^!#": 0.8198062181472778
}