{
    "boa#·": 0.7696189880371094,
    "boa|!": 0.7692093253135681,
    "boa#!": 0.76920086145401
}