{
    "boa|!": 0.7751822471618652,
    "boa#!": 0.7747912406921387,
    "boa.@": 0.7743471264839172
}