{
    "mt.lu": 0.7866790294647217,
    "mt.i:": 0.7716952562332153,
    "mt.ci": 0.7648943662643433
}