{
    "mt.lu": 0.7861515283584595,
    "mt.i:": 0.7723512649536133,
    "mt.ci": 0.7650235891342163
}