{
    "w/mt.": 0.8698973655700684,
    "y/mt.": 0.8175718784332275,
    "v/mt.": 0.8113728761672974
}