{
    "w/mt.": 0.8696125745773315,
    "y/mt.": 0.8167345523834229,
    "v/mt.": 0.8105006814002991
}