{
    "qyggs": 0.8182979226112366,
    "zlggs": 0.8041206002235413,
    "qlggs": 0.7974401712417603
}