{
    "/vygg": 0.7796146869659424,
    "/mygg": 0.7672137022018433,
    "^vygg": 0.7570759057998657
}