{
    "(i·kf": 0.7754745483398438,
    "(_ykf": 0.7682434320449829,
    ",i·kf": 0.7608563899993896
}