{
    "(i)./": 0.7561773061752319,
    "(i..@": 0.7475423216819763,
    "(i).)": 0.746078610420227
}