{
    "'boid": 0.7670832276344299,
    "/boid": 0.7279158234596252,
    "·boid": 0.723819375038147
}