{
    "*)-in": 0.7325156331062317,
    "(?)in": 0.7319814562797546,
    "(!)in": 0.7314311265945435
}