{
    "ax'in": 0.817768931388855,
    "ax'at": 0.8174242973327637,
    "ax.ii": 0.8167468309402466
}