{
    "(s-)": 0.8059597015380859,
    "on": 0.8051066994667053,
    "...i^": 0.8041127920150757
}