{
    "b(q$9": 0.678665041923523,
    "2lp%·": 0.6782927513122559,
    "b(q$6": 0.6736022233963013
}