{
    ">pl8g": 0.6967506408691406,
    ">pl8r": 0.6864385008811951,
    ">pl8h": 0.6861648559570312
}