{
    "(gyy)": 0.7724457383155823,
    "(gyy/": 0.7706314325332642,
    "(gyy.": 0.7697100639343262
}