{
    "n@___": 0.7792255282402039,
    "n@t__": 0.7744102478027344,
    "n@u__": 0.773887038230896
}