{
    "=kudu": 0.8178778290748596,
    "#kudu": 0.8079878091812134,
    "^kudu": 0.8038253784179688
}