{
    "n/cow": 0.8117985725402832,
    "n#cow": 0.8090188503265381,
    "n.cow": 0.7972677946090698
}