{
    "ax's;": 0.8872349262237549,
    "ax~of": 0.882931113243103,
    "ax's|": 0.8815901279449463
}