{
    "meoow": 0.8559368848800659,
    "meouw": 0.8501954078674316,
    "meow3": 0.8313997983932495
}