{
    "meoow": 0.8588804006576538,
    "meow/": 0.8481765985488892,
    "meouw": 0.8475426435470581
}