{
    "in#),": 0.8000212907791138,
    "in@),": 0.7955440282821655,
    "in/!#": 0.7954524159431458
}