{
    "##and": 0.8224356174468994,
    "\\^and": 0.8150031566619873,
    "w/an": 0.812406063079834
}