{
    "pit'!": 0.7515324950218201,
    "pit!.": 0.7468776702880859,
    "pit?a": 0.7456251382827759
}