{
    ",2icy": 0.7518966794013977,
    "w/icy": 0.7518665790557861,
    "a'icy": 0.7503688335418701
}