{
    "4x'ml": 0.6671582460403442,
    "<x'ml": 0.6583974361419678,
    "#x'ml": 0.6580032110214233
}