{
    "...an": 0.8464305996894836,
    "(.an#": 0.8451098203659058,
    "(.on#": 0.8450559377670288
}