{
    ",pt||": 0.7825761437416077,
    ",pt.i": 0.7799888849258423,
    ",pt/0": 0.7796742916107178
}