{
    "yet##": 0.7722345590591431,
    "yet,.": 0.7671964168548584,
    "yet..": 0.7650465965270996
}