{
    "..^on": 0.8022091388702393,
    ",2..^": 0.8013983964920044,
    ",..^": 0.7972197532653809
}