{
    "et@:)": 0.6608794927597046,
    "et#ik": 0.6251580715179443,
    "et##i": 0.6107298731803894
}