{
    "et@:)": 0.6611599922180176,
    "s@:oc": 0.6392350792884827,
    "s@:um": 0.6294673681259155
}