{
    "=~,^#": 0.8439632058143616,
    ".=,^#": 0.8393194079399109,
    "=~,^.": 0.8391638994216919
}