{
    "bb9x|": 0.7390714287757874,
    "d20cw": 0.7370433211326599,
    "d20wk": 0.7364163398742676
}