{
    "jug·0": 0.7722271084785461,
    "jug/#": 0.7691308856010437,
    "jug/v": 0.766656219959259
}