{
    "!,bb8": 0.7468037009239197,
    "/bb8#": 0.7464529275894165,
    "3=bb8": 0.7457526326179504
}