{
    "w/ami": 0.6375078558921814,
    "w/jen": 0.6081508994102478,
    "w/ari": 0.6073722243309021
}