{
    "w/zyi": 0.6274735331535339,
    "w/kei": 0.6255333423614502,
    "w/sya": 0.6183885335922241
}