{
    ",in#": 0.7820830941200256,
    ",on#": 0.7815656661987305,
    ",on": 0.7815092206001282
}