{
    "=bb8,": 0.708687424659729,
    "=bb8i": 0.7072625756263733,
    "=bb8@": 0.7066683173179626
}