{
    ",w/mt": 0.8268194198608398,
    "(w/mt": 0.7990813255310059,
    "-w/mt": 0.7910957336425781
}