{
    "krab#": 0.7857065200805664,
    "krab\\": 0.7817391157150269,
    "krab@": 0.7817113399505615
}