{
    "krab#": 0.7862231731414795,
    "krab@": 0.7823209166526794,
    "krab\\": 0.7823100090026855
}