{
    "kudu?": 0.821651816368103,
    "kudu<": 0.8205256462097168,
    "kudu·": 0.8198262453079224
}