{
    "sxrs#": 0.7136045694351196,
    "sxrs)": 0.7125539779663086,
    "sxrs!": 0.7119449377059937
}