{
    "=plk9": 0.7028199434280396,
    "pl4kd": 0.6983175873756409,
    "=plk1": 0.6859259009361267
}