{
    ">1lps": 0.7018285989761353,
    "=1lps": 0.7004315853118896,
    "wdtcp": 0.6989532709121704
}