{
    "awd/i": 0.6813854575157166,
    "awd#i": 0.6760555505752563,
    "f\\w@1": 0.6684579253196716
}