{
    "f\\w@8": 0.6672185063362122,
    "f\\w@1": 0.6658605933189392,
    "f\\w@x": 0.6651114225387573
}