{
    "n'j~@": 0.686294436454773,
    "n'j.#": 0.6811546683311462,
    "n'j#f": 0.6805399656295776
}