{
    "=1?ij": 0.6676844954490662,
    "=f?ij": 0.666282594203949,
    "=r?ij": 0.6655582785606384
}