{
    ",w(!)": 0.7763335704803467,
    "(w(!)": 0.7744519710540771,
    "(.(!)": 0.7654542922973633
}