{
    "(s).)": 0.7830867767333984,
    "(s)).": 0.7812176942825317,
    "(s)-)": 0.7792731523513794
}