{
    "pb@k~": 0.6270231008529663,
    "pb!i~": 0.621606707572937,
    "pb@d~": 0.6119691729545593
}