{
    "'fic?": 0.634098470211029,
    "-fic?": 0.6311824917793274,
    "/fic,": 0.6264460682868958
}