{
    "\\^and": 0.8009020090103149,
    "in##": 0.7872316837310791,
    "at#": 0.7865760326385498
}