{
    "n/sea": 0.8004182577133179,
    ",<sea": 0.7910528182983398,
    "atsea": 0.7890206575393677
}