{
    "##2t": 0.7450626492500305,
    "##2t#": 0.7443392276763916,
    "##2t,": 0.7345641851425171
}