{
    "<-hen": 0.7428139448165894,
    "w/hen": 0.7089624404907227,
    "o.hen": 0.6966783404350281
}