{
    "'ibon": 0.7635685205459595,
    "iibon": 0.7414392828941345,
    "4ibon": 0.7394282817840576
}