{
    "2x7km": 0.6588433980941772,
    "a/8km": 0.6585251092910767,
    "2x9km": 0.6572957634925842
}