{
    "/ax).": 0.8347529172897339,
    "/ax/-": 0.8295955657958984,
    "\\ax).": 0.8246238827705383
}