{
    "|bb8i": 0.7456684708595276,
    "|bb8@": 0.7409032583236694,
    "|bb8w": 0.740394651889801
}