{
    ",dog:": 0.7706073522567749,
    ">dog=": 0.7604878544807434,
    ">dog:": 0.7581784725189209
}