{
    "moo|#": 0.7956647872924805,
    "moo\\#": 0.7877191305160522,
    "moo/a": 0.7870283722877502
}