{
    "n@b?s": 0.6722944974899292,
    "n@b1=": 0.6670506000518799,
    "w-$fs": 0.659993052482605
}