{
    "n=b@f": 0.6595454216003418,
    "n=b#f": 0.6595001816749573,
    "n=b-n": 0.6579601764678955
}