{
    "@9*f@": 0.7445951104164124,
    "@9*f#": 0.7390706539154053,
    "@9*f*": 0.7304151058197021
}