{
    "@9*f@": 0.7380261421203613,
    "@9*f#": 0.7355713844299316,
    "@9*f'": 0.7302825450897217
}