{
    "////,": 0.8017234802246094,
    "////.": 0.800236701965332,
    ";on/#": 0.7998512983322144
}