{
    ",s#).": 0.7750860452651978,
    ",s#),": 0.7750364542007446,
    "a~#).": 0.7682881355285645
}