{
    "w/ani": 0.7760607004165649,
    "w/ala": 0.775898277759552,
    "w/ali": 0.7726348042488098
}