{
    "#2#),": 0.7825584411621094,
    "<i!),": 0.7783676385879517,
    "#3#),": 0.7783126831054688
}