{
    ",and#": 0.8077951669692993,
    ",and,": 0.8048932552337646,
    ",and(": 0.8044541478157043
}