{
    "=1fis": 0.7010388374328613,
    "=1fig": 0.6749317049980164,
    "mf=dk": 0.6672459840774536
}