{
    "n#fig": 0.6809370517730713,
    "n'fig": 0.6769101619720459,
    "=1fig": 0.6768099069595337
}