{
    "w/ami": 0.6458911895751953,
    "w/iri": 0.6345237493515015,
    "w/ajz": 0.6213704943656921
}