{
    "w/ami": 0.6375078558921814,
    "w/iri": 0.6269044876098633,
    "w/ari": 0.6073722243309021
}