{
    "'ax's": 0.8509727120399475,
    "ax!).": 0.8436949849128723,
    "'ax!,": 0.8427003622055054
}