{
    "/axe=": 0.8932002782821655,
    "\\axe!": 0.885148286819458,
    "'ax!,": 0.8841729164123535
}