{
    "seas#": 0.6511452794075012,
    "seas.": 0.6492519378662109,
    "seas^": 0.6480346918106079
}