{
    "3km2d": 0.6567532420158386,
    "6km2d": 0.649654746055603,
    "3km3": 0.6457626223564148
}