{
    "n@klx": 0.7193068265914917,
    "n'klx": 0.7178186178207397,
    "n#klx": 0.715868353843689
}