{
    "n@ant": 0.7491577863693237,
    "##and": 0.7448571920394897,
    "=ant/": 0.7443551421165466
}