{
    "in'm#": 0.804617166519165,
    "in'd-": 0.8021310567855835,
    "\\~#).": 0.8003748059272766
}