{
    "(a#2a": 0.7689879536628723,
    ")(#2a": 0.7689781188964844,
    ";>#2a": 0.761894702911377
}