{
    "w/kot": 0.8536376357078552,
    "n/kot": 0.8345824480056763,
    "n|kot": 0.8323782682418823
}