{
    "n@bn=": 0.6813209652900696,
    "pb)/i": 0.6656377911567688,
    "pb);i": 0.6581768989562988
}