{
    "n@bn=": 0.6828084588050842,
    "pb)/i": 0.6704388856887817,
    "pb<-i": 0.6614588499069214
}