{
    "bb8vs": 0.6905080080032349,
    "bb8!.": 0.6865106821060181,
    "bb8my": 0.6860576868057251
}