{
    "bb9x|": 0.7390714287757874,
    "bb8wy": 0.737423300743103,
    "bb9sw": 0.7343407869338989
}