{
    "'arp?": 0.6639293432235718,
    "viv.#": 0.6598395109176636,
    "viv##": 0.6583572626113892
}