{
    "viv!:": 0.6726478338241577,
    "viv.#": 0.6656169295310974,
    "0asp#": 0.6642664670944214
}