{
    "1i·be": 0.593390941619873,
    "1~i,b": 0.5873116254806519,
    ",i.bo": 0.5870431661605835
}