{
    "qf-9~": 0.614656925201416,
    "qf-1j": 0.6113815903663635,
    "qf-9|": 0.6104323863983154
}