{
    "..ii!": 0.7346879243850708,
    "..ii(": 0.7336506843566895,
    ".2...": 0.7332996726036072
}