{
    "=~,^#": 0.8439632058143616,
    "=~,^.": 0.8391638994216919,
    "=~,^_": 0.8383321762084961
}