{
    ",no-i": 0.8081170916557312,
    ",so-@": 0.8036727905273438,
    ",so^i": 0.8022270798683167
}