{
    "in#an": 0.7636233568191528,
    ",in-": 0.76261967420578,
    "at#": 0.7621315717697144
}