{
    "kid(z": 0.6416381001472473,
    "kid@x": 0.6408661603927612,
    "kid/a": 0.6341112852096558
}