{
    "kid(z": 0.6287614703178406,
    "w/iri": 0.6269044876098633,
    "/-kid": 0.618805468082428
}