{
    ",0c@~": 0.7089805603027344,
    ",0c#·": 0.7046022415161133,
    ",0c'1": 0.7017106413841248
}