{
    ",0c@~": 0.7035524845123291,
    ",0c#·": 0.702111542224884,
    ",0c@*": 0.7005364894866943
}