{
    "cot?·": 0.7512876987457275,
    "cot?-": 0.7417304515838623,
    "cot?>": 0.7398601770401001
}