{
    "bowl#": 0.7801574468612671,
    "bowl!": 0.7792068719863892,
    "bowl.": 0.7747106552124023
}