{
    "at#_": 0.7698229551315308,
    ":-.#": 0.7679272890090942,
    "at#": 0.7652938365936279
}