{
    "(*/$)": 0.8494657278060913,
    "(*//@": 0.8444058895111084,
    "(*#/#": 0.844272792339325
}