{
    "*,1bk": 0.7825857400894165,
    ",#0bk": 0.7821196913719177,
    "#<1bk": 0.7718298435211182
}