{
    "kitrz": 0.8350626826286316,
    "kittr": 0.8076827526092529,
    "kitr!": 0.7863179445266724
}