{
    "neko/": 0.8507598638534546,
    "neko\\": 0.8498886823654175,
    "neko:": 0.8492921590805054
}