{
    "a^ggy": 0.7333745956420898,
    "\\^ggy": 0.732190728187561,
    "'^ggy": 0.7305634617805481
}