{
    "zlggs": 0.8047662377357483,
    "qlggs": 0.7825801372528076,
    "'mggs": 0.735517144203186
}