{
    ".,in#": 0.7925114631652832,
    "@#in#": 0.7923859357833862,
    "),in#": 0.7914714813232422
}