{
    ",i^": 0.8117339611053467,
    "n/@t": 0.8109351396560669,
    "n/@": 0.8106172680854797
}