{
    "a/8km": 0.6585251092910767,
    "a28km": 0.6535303592681885,
    "by6km": 0.6530615091323853
}