{
    "(\\(!)": 0.8507033586502075,
    "</an@": 0.8502360582351685,
    "</(!)": 0.850234866142273
}