{
    "moo\\#": 0.7877191305160522,
    "moo/a": 0.7870283722877502,
    "moo-i": 0.7848715782165527
}