{
    "'moo|": 0.7652170658111572,
    "'moo'": 0.7638946771621704,
    "'moo?": 0.7591472864151001
}