{
    "and,i": 0.8163400888442993,
    "and,1": 0.8159730434417725,
    "and/a": 0.8128576278686523
}