{
    "n@ant": 0.7491577863693237,
    "=ant/": 0.7443551421165466,
    "n/@ry": 0.743741512298584
}