{
    "w/zyi": 0.6114988327026367,
    "w/jen": 0.6081508994102478,
    "n@_z~": 0.6026034355163574
}