{
    "n@_z~": 0.6196178793907166,
    "n@dd_": 0.6143255233764648,
    "w/jen": 0.6098206043243408
}