{
    "w/mt.": 0.8890658020973206,
    "w/mt": 0.83094322681427,
    ",w/mt": 0.8268194198608398
}