{
    "ax's;": 0.8872349262237549,
    "ax#1@": 0.8862064480781555,
    "ax#0@": 0.8819382786750793
}