{
    "s/axe": 0.8836355209350586,
    "s%ax:": 0.8791462182998657,
    "n#axe": 0.8774713277816772
}