{
    "w/ski": 0.7594298124313354,
    "i|ski": 0.7565234899520874,
    "i/ski": 0.756283700466156
}