{
    "n#dkc": 0.6931127905845642,
    "w#dkc": 0.6703453063964844,
    "?#dkc": 0.6697344779968262
}