{
    "n#dkc": 0.7010451555252075,
    "w#dkc": 0.6797947883605957,
    "=1dkc": 0.6780596971511841
}