{
    "pb)/i": 0.6656377911567688,
    "pb);i": 0.6581768989562988,
    "pb<-i": 0.6562798023223877
}