{
    "pb)/i": 0.6704388856887817,
    "pb<-i": 0.6614588499069214,
    "pb?!i": 0.6595157384872437
}