{
    ",and#": 0.8077951669692993,
    "and1_": 0.8075395822525024,
    "and.@": 0.806773841381073
}