{
    "/mt.i": 0.815439760684967,
    "=mt.i": 0.8055527210235596,
    ";mt.a": 0.7935823798179626
}