{
    "/mt.i": 0.814888596534729,
    "=mt.i": 0.8044235706329346,
    ";mt.a": 0.7931996583938599
}