{
    "),w/#": 0.7835165858268738,
    ",in#": 0.7820830941200256,
    ",on#": 0.7815656661987305
}