{
    "w/mt.": 0.8890658020973206,
    "y/mt.": 0.8647618889808655,
    "),mt.": 0.8450398445129395
}