{
    "#!(!)": 0.7362644672393799,
    "^i(!)": 0.7331751585006714,
    ",.(!)": 0.7326359152793884
}