{
    "(uhh)": 0.8050611019134521,
    "(uh).": 0.8027633428573608,
    "n~_i-": 0.8023688793182373
}