{
    ",eh..": 0.7850572466850281,
    ",#@).": 0.7837872505187988,
    ",eh'.": 0.7824220657348633
}