{
    "2x1l#": 0.7242846488952637,
    "2x1l(": 0.7211862206459045,
    "2x1l.": 0.7200697660446167
}