{
    "'s9mm": 0.7433279156684875,
    "'.9mm": 0.7346030473709106,
    ",a9mm": 0.7317522764205933
}