{
    "fu(ox": 0.784162163734436,
    "ox#dp": 0.7310376167297363,
    "ox</d": 0.7263627052307129
}