{
    "ox\\ii": 0.7324002981185913,
    "ox|vs": 0.7323276400566101,
    "ox;ii": 0.7315812110900879
}