{
    "x2l!,": 0.7502225637435913,
    "x2l(#": 0.7483508586883545,
    "x2l!:": 0.7458638548851013
}