{
    "1cup·": 0.7238063216209412,
    "2cup·": 0.7142983675003052,
    "2cup%": 0.7117542028427124
}