{
    "1cup·": 0.7347179651260376,
    "2cup·": 0.7242940664291382,
    "1cup|": 0.718257486820221
}