{
    "vs'bw": 0.7354151606559753,
    "vs_vw": 0.7296836376190186,
    "vs/yd": 0.7279787063598633
}