{
    "of'sw": 0.8114814758300781,
    "at#": 0.7582999467849731,
    "at#__": 0.7575353980064392
}