{
    "'ibon": 0.7635685205459595,
    "iibon": 0.7414392828941345,
    "booak": 0.7410030364990234
}