{
    "(in#2": 0.7588469982147217,
    "(in#3": 0.7557185292243958,
    "(in.@": 0.7555670738220215
}