{
    "w/%2a": 0.7704914808273315,
    "ft#2a": 0.7696940898895264,
    "(a#2a": 0.7689879536628723
}