{
    ",icy1": 0.789962887763977,
    ",icy2": 0.7890571355819702,
    ",icy/": 0.788622260093689
}