{
    "\\\\(!)": 0.8041239380836487,
    "(2(?)": 0.8013283014297485,
    ";\\(!)": 0.8007322549819946
}