{
    "/%dam": 0.7545396685600281,
    "~1dam": 0.7462174296379089,
    "_1dam": 0.7444876432418823
}