{
    "-dam1": 0.7359671592712402,
    "-dam#": 0.728480339050293,
    "-dam_": 0.7278976440429688
}