{
    "w00bk": 0.7868736982345581,
    "l00bk": 0.7863386273384094,
    ",s0bk": 0.7826567888259888
}