{
    ",cold": 0.791490912437439,
    "(cold": 0.7780800461769104,
    ";cold": 0.7746326327323914
}