{
    "#1wx~": 0.709742546081543,
    "-1wx0": 0.7022324800491333,
    "#1wx@": 0.6963620185852051
}