{
    "#1wx~": 0.708391547203064,
    "-1wx0": 0.7074856758117676,
    "#1wx@": 0.7043615579605103
}