{
    "...ii": 0.7355678081512451,
    "\\....": 0.7346526384353638,
    "\\~...": 0.7338396310806274
}