{
    "=dk>f": 0.6772418022155762,
    "=dk>b": 0.6755200028419495,
    "=dk>z": 0.6730791330337524
}