{
    "=b1>f": 0.6651120185852051,
    ",b=b*": 0.6613017320632935,
    ",b=f1": 0.6612179279327393
}