{
    "ax#1@": 0.8862064480781555,
    "ax#1#": 0.8848302960395813,
    "ax#0@": 0.8819382786750793
}