{
    "ax'in": 0.8503051996231079,
    "ax-of": 0.8501404523849487,
    "ax'of": 0.8474564552307129
}