{
    "mow\\e": 0.8276513814926147,
    "mow?|": 0.8271344900131226,
    "mow-d": 0.8181817531585693
}