{
    "mop-a": 0.7446485757827759,
    "mow?|": 0.7437083721160889,
    "mop?.": 0.7430016994476318
}