{
    ",w/a@": 0.7572592496871948,
    ",'at#": 0.7503060102462769,
    ",w/by": 0.7496309876441956
}