{
    "($by)": 0.8008150458335876,
    "($by#": 0.7978997826576233,
    "($by/": 0.7977417707443237
}