{
    "nd6km": 0.6819036602973938,
    "nj8km": 0.6757218837738037,
    "nj4km": 0.6756787300109863
}