{
    "38km^": 0.6490620374679565,
    "37km^": 0.6479110717773438,
    "38km:": 0.6457173824310303
}