{
    "kep~>": 0.6105127334594727,
    "kep)-": 0.6081545352935791,
    "kebug": 0.6019865274429321
}