{
    "kep~>": 0.6159638166427612,
    "kep)-": 0.6144089102745056,
    "kebug": 0.6061750650405884
}