{
    "_,mt.": 0.8488823771476746,
    "),mt.": 0.8450398445129395,
    "v/mt.": 0.8427693843841553
}