{
    "#2t,2": 0.7132169008255005,
    "#2t/@": 0.7123469114303589,
    "#2t,1": 0.7112725973129272
}