{
    "n'pcb": 0.7093274593353271,
    "wdtcp": 0.6989532709121704,
    "#·pcb": 0.6988880634307861
}