{
    "=1lps": 0.7157300114631653,
    ">1lps": 0.7127656936645508,
    "3xlps": 0.7011579871177673
}