{
    "kx655": 0.700069785118103,
    "kz45r": 0.6870610117912292,
    "kz45|": 0.6817293167114258
}