{
    "(s).)": 0.7830867767333984,
    "(s).": 0.7818674445152283,
    "w/a": 0.7803664207458496
}