{
    "r/v38": 0.7860596179962158,
    "r/v28": 0.771439790725708,
    "r/v~>": 0.7702741622924805
}