{
    "ij62'": 0.8027950525283813,
    "ij62^": 0.8012912273406982,
    "r/v|#": 0.798332929611206
}