{
    "and1_": 0.8075395822525024,
    "and#": 0.8061733841896057,
    "and,": 0.8054174780845642
}