{
    "(1..#": 0.7480812072753906,
    "(2..#": 0.7478002309799194,
    ";at##": 0.7466005086898804
}