{
    "n@dd_": 0.7799100279808044,
    "n@___": 0.7792255282402039,
    "n@t__": 0.7744102478027344
}