{
    "n'g/t": 0.6803470849990845,
    "n'g/w": 0.6784894466400146,
    "l'g|t": 0.6759659647941589
}