{
    "..and": 0.8024365901947021,
    "\\^and": 0.8009020090103149,
    ",,and": 0.7963438630104065
}