{
    ">ij,b": 0.6662417054176331,
    "=b1>f": 0.6651120185852051,
    ">ij?b": 0.6625978946685791
}