{
    "n#fig": 0.6809370517730713,
    "n'fig": 0.6769101619720459,
    ">ij,b": 0.6707965135574341
}