{
    "ak-45": 0.6971156597137451,
    "ak-46": 0.6870207786560059,
    "ak-4w": 0.6847343444824219
}