{
    "\\pew.": 0.7639299631118774,
    "\\pew-": 0.7625858783721924,
    "\\pew(": 0.761509895324707
}