{
    "(~(?)": 0.7397327423095703,
    "(~).)": 0.7388486862182617,
    "(-)?)": 0.7377403378486633
}