{
    ";1bk0": 0.7372471690177917,
    "0bks:": 0.7304270267486572,
    "·bks:": 0.7290979623794556
}