{
    "·bks.": 0.7306942939758301,
    "·bks!": 0.7267588376998901,
    "·bks(": 0.7247094511985779
}