{
    "n@vwj": 0.5966041088104248,
    "mr|rm": 0.5883504748344421,
    "n@mb(": 0.5876880288124084
}