{
    "n@vwj": 0.597182035446167,
    "mr|rm": 0.5861374139785767,
    "n@mb(": 0.5853310823440552
}