{
    "ibc!·": 0.6648116111755371,
    "ibc?·": 0.6639127731323242,
    "ibc^2": 0.6619086861610413
}