{
    "bb9x|": 0.7390714287757874,
    "bb9sw": 0.7343407869338989,
    "bb9xr": 0.7280383706092834
}