{
    "/boll": 0.7634726762771606,
    "0boll": 0.7525528073310852,
    "'boll": 0.7496753931045532
}