{
    "^sxrs": 0.7254436016082764,
    "fsxrs": 0.7239774465560913,
    "sxrs#": 0.7136045694351196
}