{
    "/ox:": 0.7297341227531433,
    "ox-y": 0.7292678952217102,
    "ox|#d": 0.725903332233429
}