{
    "ox?|#": 0.7236174941062927,
    "ox-y": 0.7210562229156494,
    "'ox?#": 0.71988844871521
}