{
    "a/8km": 0.6585251092910767,
    "a28km": 0.6535303592681885,
    "2x8km": 0.6514256000518799
}