{
    "w/mt.": 0.8696125745773315,
    "/mt.": 0.8181719779968262,
    "/mt.i": 0.814888596534729
}