{
    "w/mt.": 0.8698973655700684,
    "/mt.": 0.8186136484146118,
    "/mt.i": 0.815439760684967
}