{
    "_,2..": 0.8212338089942932,
    "_,2!.": 0.8190310001373291,
    "_,on-": 0.815314531326294
}