{
    "w#pet": 0.7381548881530762,
    "w/pet": 0.7352989912033081,
    "n|pet": 0.7327355742454529
}