{
    "@=^|#": 0.7512320280075073,
    "@=^'n": 0.7499668598175049,
    "@=^!#": 0.7471446394920349
}