{
    "=dk>f": 0.6772418022155762,
    "=dk>b": 0.6755200028419495,
    "=dk2<": 0.6739519834518433
}