{
    "=dk>f": 0.6766170859336853,
    "=dk%f": 0.6718742251396179,
    "=dk>b": 0.6704124212265015
}