{
    "-'gex": 0.7409829497337341,
    "s\\gex": 0.7399667501449585,
    "/gex.": 0.7361894845962524
}