{
    "plks|": 0.70326167345047,
    "plks1": 0.6944040060043335,
    "plks~": 0.69060218334198
}