{
    ">pl8g": 0.6967506408691406,
    "p%cd·": 0.6893635392189026,
    ">pl8r": 0.6864385008811951
}