{
    ",>s/v": 0.855331301689148,
    "m,s/v": 0.852104663848877,
    ",;s/v": 0.8517880439758301
}