{
    "ax'2": 0.8183735609054565,
    ";ax!": 0.8179702758789062,
    ";ax-y": 0.8175556659698486
}