{
    "ax'2": 0.8183735609054565,
    "ax-y": 0.8169898986816406,
    "ax.ii": 0.8167468309402466
}