{
    "and/a": 0.8526231646537781,
    "and^i": 0.8509259223937988,
    "and?a": 0.850562334060669
}