{
    "),in#": 0.7729651927947998,
    "),at#": 0.7706660032272339,
    ".,in#": 0.7700001001358032
}