{
    "and@_": 0.8207310438156128,
    "and@": 0.815319299697876,
    "and@i": 0.8075770139694214
}