{
    "of'sw": 0.8114814758300781,
    ",at#": 0.7614827752113342,
    ",at@": 0.7591630220413208
}