{
    "\\\\bee": 0.6302440166473389,
    "x\\bee": 0.6128517985343933,
    "\\tbee": 0.6043846011161804
}