{
    "bug/a": 0.7050557136535645,
    "bug/i": 0.7039196491241455,
    "bug-i": 0.7030447125434875
}