{
    "net~>": 0.6988722085952759,
    "net~@": 0.6970566511154175,
    "net?<": 0.6957285404205322
}