{
    "(\\(!)": 0.8507033586502075,
    "</(!)": 0.850234866142273,
    "(<(!)": 0.8492294549942017
}