{
    "on#),": 0.8053966164588928,
    "on#).": 0.7989815473556519,
    "in#).": 0.7983952164649963
}