{
    "##dig": 0.8196088671684265,
    "n/dig": 0.8177840709686279,
    "ax'in": 0.817768931388855
}