{
    ",in##": 0.8184012174606323,
    ",in__": 0.8148612976074219,
    ",i___": 0.8138442039489746
}