{
    ",at#": 0.7614827752113342,
    ",at@": 0.7591630220413208,
    "at#": 0.7582999467849731
}