{
    "(_ebi": 0.7371124029159546,
    "\\(eek": 0.7334482669830322,
    "<,eek": 0.7322767972946167
}