{
    "rxz#)": 0.6763328313827515,
    "rxz-)": 0.6685600280761719,
    "rxz#'": 0.6670645475387573
}