{
    "(i)!)": 0.8070582151412964,
    "(eh!)": 0.8048304319381714,
    "(ee!)": 0.8037320375442505
}