{
    "9pot1": 0.6993091702461243,
    "*lid~": 0.698360800743103,
    "*lid|": 0.6972944140434265
}