{
    "=pypc": 0.6814430952072144,
    "~pypc": 0.6805101633071899,
    "?pypc": 0.6798167824745178
}