{
    ".<ii#": 0.7653795480728149,
    "..ii#": 0.7621676921844482,
    "..ii(": 0.7618148922920227
}