{
    "-bug@": 0.6865007877349854,
    "fbug#": 0.6845729351043701,
    "-bug/": 0.6845544576644897
}