{
    "coq(#": 0.7598167657852173,
    "coq).": 0.7592124342918396,
    "coq)'": 0.756545901298523
}