{
    "coq,1": 0.7683526277542114,
    "coq(#": 0.762637197971344,
    "coq)'": 0.7616357207298279
}