{
    "jug·0": 0.7722271084785461,
    "jug/#": 0.7691308856010437,
    "jug_,": 0.7690123319625854
}