{
    "jug·0": 0.7627910375595093,
    "jug_,": 0.7601285576820374,
    "jug/v": 0.7587209343910217
}