{
    "##and": 0.8224356174468994,
    "w/an": 0.812406063079834,
    "\\,and": 0.8116592168807983
}