{
    ",zx6r": 0.695999801158905,
    "@zx6r": 0.6954972743988037,
    "(zx6r": 0.6926207542419434
}