{
    "(eh)!": 0.80519038438797,
    "n/@te": 0.8046752214431763,
    "(uh).": 0.8027633428573608
}