{
    "icey@": 0.7433915138244629,
    "icey,": 0.7420895099639893,
    "icey/": 0.7405537366867065
}