{
    "@-5''": 0.7151560187339783,
    "@-3'c": 0.6940912008285522,
    "#-3'c": 0.6923536658287048
}