{
    "pit.#": 0.7891966104507446,
    "pit..": 0.7884162664413452,
    "pit\\#": 0.7883858680725098
}