{
    "0.,ii": 0.8104956150054932,
    "0..ii": 0.8089404106140137,
    ",1_ii": 0.8087533712387085
}