{
    "^and": 0.8545571565628052,
    "^in": 0.8528004288673401,
    "^and?": 0.8521632552146912
}