{
    ",in#": 0.7615190744400024,
    "at#": 0.7611850500106812,
    ",at#": 0.7608212828636169
}