{
    "w/1bk": 0.7928383946418762,
    "w>1bk": 0.6967318058013916,
    "#<1bk": 0.6876193881034851
}