{
    "libry": 0.8167305588722229,
    "w/1bk": 0.7961658835411072,
    "libri": 0.7462759613990784
}