{
    "w/zyi": 0.6274735331535339,
    "n@_z~": 0.6196178793907166,
    "n@dd_": 0.6143255233764648
}