{
    "k9icz": 0.7553325891494751,
    "k*q.k": 0.7536693811416626,
    "k*q.t": 0.7338933348655701
}