{
    "k9icz": 0.7007405757904053,
    "k9i.t": 0.6876112222671509,
    "k9qt:": 0.6806764602661133
}