{
    "h·bo,": 0.6147387027740479,
    "h·bo.": 0.6099221706390381,
    "h·bo": 0.6039077639579773
}