{
    "flyi~": 0.6612633466720581,
    "flyi(": 0.652341365814209,
    "flyi#": 0.649407148361206
}