{
    "bw~1c": 0.650689423084259,
    "bw\\me": 0.6311682462692261,
    ",i@xc": 0.6307181119918823
}