{
    "i5x'm": 0.6514394283294678,
    ",i@xc": 0.6316384673118591,
    "i@xc^": 0.6305587887763977
}