{
    "(~~)-": 0.7733321785926819,
    "(kid)": 0.7719654440879822,
    "/kid5": 0.7682563066482544
}