{
    "n|kot": 0.8084812164306641,
    "w/kot": 0.8041726350784302,
    "n/kot": 0.7889359593391418
}