{
    "w/kot": 0.7870728373527527,
    "n/kot": 0.7756337523460388,
    "w\\kot": 0.7701430320739746
}