{
    "<(!)a": 0.845329761505127,
    "((!).": 0.843399167060852,
    "\\(!)a": 0.8430526852607727
}