{
    "'fowl": 0.817366361618042,
    "_fowl": 0.8065526485443115,
    "-fowl": 0.8019978404045105
}