{
    "coq(#": 0.762637197971344,
    "coq~i": 0.760691225528717,
    "coq(.": 0.7573018670082092
}