{
    "..at#": 0.7566403746604919,
    "_,in@": 0.7534093856811523,
    "..at_": 0.7525252103805542
}