{
    "#),in": 0.7832393050193787,
    "#2#),": 0.7825584411621094,
    ",for^": 0.7813206911087036
}