{
    ",sea#": 0.7469680905342102,
    "@sea#": 0.7453683614730835,
    "n/@ry": 0.743741512298584
}