{
    "(ie).": 0.7775135636329651,
    "(s\\).": 0.7752899527549744,
    ",s#).": 0.7750860452651978
}