{
    ",in##": 0.8034605979919434,
    ",in/#": 0.7975032925605774,
    ",in(#": 0.796433687210083
}