{
    "<i_,i": 0.7645838260650635,
    ",i~)-": 0.7645774483680725,
    ",i_,2": 0.7643840312957764
}