{
    "i:s/v": 0.8385093212127686,
    ".:s/v": 0.8287004232406616,
    ",=s/v": 0.822149932384491
}