{
    "i:s/v": 0.8679006695747375,
    ",>s/v": 0.855331301689148,
    ",;s/v": 0.8517880439758301
}