{
    "n'fig": 0.6770515441894531,
    "n#fig": 0.6730659604072571,
    "n=fig": 0.6623717546463013
}