{
    ">ij,b": 0.6707965135574341,
    ">ij.s": 0.6653457880020142,
    ">ij?b": 0.6648070812225342
}