{
    "a/60'": 0.7827693223953247,
    "a/80'": 0.7648196816444397,
    "a/12i": 0.757601797580719
}