{
    "rl28!": 0.7625153064727783,
    "rv/7i": 0.7581387162208557,
    "qm28i": 0.7524470090866089
}