{
    "bqggs": 0.6727985143661499,
    "0g\\lz": 0.64809250831604,
    "0g//a": 0.6427225470542908
}