{
    "n9ggs": 0.6942660808563232,
    "bqggs": 0.640552282333374,
    "n90vl": 0.640350341796875
}