{
    "'fowl": 0.8183497190475464,
    "bfowl": 0.8099879026412964,
    "-fowl": 0.8032696843147278
}