{
    "w/#2a": 0.7607349157333374,
    ")/2a": 0.7565430998802185,
    "w/ak4": 0.7560349702835083
}