{
    "(gouu": 0.7681913375854492,
    "(in@_": 0.7539772391319275,
    "(in#0": 0.7531062364578247
}