{
    "(i.''": 0.7551807761192322,
    "(iii#": 0.7536298036575317,
    "(ii(#": 0.7530039548873901
}