{
    "(i)!)": 0.8070582151412964,
    "(i)?)": 0.8036198616027832,
    "(i!!)": 0.8023223876953125
}