{
    "meoww": 0.8738160729408264,
    "meowr": 0.8722843527793884,
    "meowo": 0.8675234317779541
}