{
    "(eh)!": 0.80519038438797,
    "(~#).": 0.8039001226425171,
    "(eh!?": 0.8033432960510254
}