{
    "n\\ken": 0.6042439341545105,
    "n@_z~": 0.6026034355163574,
    "n<ken": 0.6014631986618042
}