{
    "n@(!)": 0.7938930988311768,
    "n'(!)": 0.7892959713935852,
    ",@(!)": 0.7853025197982788
}