{
    "'seel": 0.8017319440841675,
    "d0eel": 0.7968588471412659,
    "y0eel": 0.7919038534164429
}