{
    "ssssp": 0.7781699299812317,
    "ssssk": 0.7712231278419495,
    "ssssg": 0.7679730653762817
}