{
    "n/cow": 0.8234059810638428,
    "n#cow": 0.817542552947998,
    "n<cow": 0.8128901720046997
}