{
    "i@1*c": 0.7139370441436768,
    "at1*c": 0.7078558206558228,
    "';1*c": 0.7024745941162109
}