{
    "cow?|": 0.7778592109680176,
    "cow|#": 0.769931435585022,
    "cow-w": 0.7682220935821533
}