{
    ",yz8^": 0.7097470164299011,
    ",yz88": 0.708787739276886,
    "<yz88": 0.7087447047233582
}