{
    "as@((": 0.8135712146759033,
    "'t@((": 0.807650625705719,
    "'d@((": 0.80100017786026
}