{
    "(s)).": 0.7812176942825317,
    "(s)-)": 0.7792731523513794,
    "(s)~.": 0.7769283056259155
}