{
    "\\....": 0.7346526384353638,
    "\\~...": 0.7338396310806274,
    ".2...": 0.7332996726036072
}