{
    "a/8km": 0.6585251092910767,
    "2x9km": 0.6572957634925842,
    "4x6km": 0.6572912931442261
}