{
    "~1dam": 0.7462174296379089,
    "_1dam": 0.7444876432418823,
    "~%dam": 0.7438409924507141
}