{
    "x2l!:": 0.746891975402832,
    "x2l!,": 0.7445346117019653,
    "x2l(#": 0.744399905204773
}