{
    "x2l!,": 0.7502225637435913,
    "x2l!:": 0.7458638548851013,
    "x2l-#": 0.7423195838928223
}