{
    ">bynr": 0.743733286857605,
    "'bynr": 0.7329899072647095,
    ";bynr": 0.7236478328704834
}