{
    ">bynr": 0.743304967880249,
    "'bynr": 0.7309141755104065,
    ";bynr": 0.7214032411575317
}