{
    "sea##": 0.7734274864196777,
    "yet##": 0.7722345590591431,
    "sea.#": 0.7704012393951416
}