{
    "y3g<<": 0.6400981545448303,
    "y3g.#": 0.6337388753890991,
    "/z4b.": 0.6330758333206177
}