{
    "bqggs": 0.6727985143661499,
    "/nqb;": 0.6470819115638733,
    "/nqb.": 0.6470077037811279
}