{
    "../at": 0.7521052956581116,
    "..cat": 0.7499433159828186,
    "../an": 0.7462126016616821
}