{
    "ax...": 0.8166933655738831,
    "ax.).": 0.8151911497116089,
    "ax-y.": 0.8130987882614136
}