{
    "##2t#": 0.7443392276763916,
    "##2t,": 0.7345641851425171,
    "##2t/": 0.7299365997314453
}