{
    "in#'a": 0.7975023984909058,
    "in@#a": 0.796162486076355,
    "in@<a": 0.7961505651473999
}