{
    "sqhn#": 0.6936676502227783,
    "sqhn@": 0.691407322883606,
    "sqhn(": 0.6855394840240479
}