{
    "fowl#": 0.8263098001480103,
    "fowl\\": 0.816325306892395,
    "fowl@": 0.8157961368560791
}