{
    "mbcaw": 0.7963163256645203,
    "vucaw": 0.7756322622299194,
    "w/caw": 0.7677063941955566
}