{
    "b4icy": 0.796875,
    "(~icy": 0.7752505540847778,
    "(.icy": 0.774574875831604
}