{
    "(i)!)": 0.7507224678993225,
    "(i).)": 0.7493178844451904,
    "(i.!)": 0.74802166223526
}