{
    ",a.45": 0.7278504967689514,
    "/a.45": 0.7234313488006592,
    ".a.45": 0.7232614755630493
}