{
    "n@_z~": 0.6026034355163574,
    "n@dd_": 0.6007505655288696,
    "n@_y~": 0.583412766456604
}