{
    "n@_z~": 0.6196178793907166,
    "n@dd_": 0.6143255233764648,
    "w/iza": 0.6031577587127686
}