{
    "sh*_k": 0.6197847127914429,
    "tig?_": 0.6188730001449585,
    "tig0)": 0.6184253692626953
}