{
    "tig?_": 0.6260610818862915,
    "tig0)": 0.6239179372787476,
    "!xm8$": 0.6224000453948975
}