{
    "/mt.": 0.8186136484146118,
    "/mt.i": 0.815439760684967,
    "=mt.i": 0.8055527210235596
}