{
    "/mt.": 0.8181719779968262,
    "/mt.i": 0.814888596534729,
    "=mt.i": 0.8044235706329346
}