{
    "n/of^": 0.805090069770813,
    "n/of.": 0.8007689714431763,
    "n/of#": 0.7991679906845093
}