{
    "/mt.i": 0.8488651514053345,
    ",mt.i": 0.8378362655639648,
    ",mt.0": 0.8360538482666016
}