{
    "(*/!#": 0.8449583053588867,
    "(*/##": 0.844677209854126,
    "(*/@#": 0.8443751931190491
}