{
    "/tuis": 0.7838048934936523,
    "(tuis": 0.7665351033210754,
    "(buo·": 0.7630990743637085
}