{
    "#by": 0.7626345157623291,
    ",in-": 0.76261967420578,
    "at#": 0.7621315717697144
}