{
    "m/y=)": 0.8479506373405457,
    "m/y@k": 0.84734046459198,
    "f/y=)": 0.8470073342323303
}