{
    "s/v3^": 0.8213142156600952,
    "m/y/@": 0.8208017349243164,
    "s/v2^": 0.8198912143707275
}