{
    "(~)/-": 0.7334944009780884,
    "(-)/-": 0.7326608896255493,
    "(~)),": 0.7320545315742493
}