{
    "net?<": 0.6797521114349365,
    "net~@": 0.679751455783844,
    "net~>": 0.6793102025985718
}