{
    "pb\\au": 0.6527649164199829,
    "pb!?i": 0.6478595733642578,
    "pb,;;": 0.6445846557617188
}