{
    "pb.ed": 0.6730297803878784,
    "pb-ed": 0.6708453893661499,
    "pb??i": 0.654973030090332
}