{
    "s/v3^": 0.8213142156600952,
    "s/v2^": 0.8198912143707275,
    "s/v@%": 0.8173836469650269
}