{
    "s/v2^": 0.8586305379867554,
    "s/v3^": 0.8576042652130127,
    "s/v@%": 0.8574265837669373
}