{
    "'s.45": 0.7522599697113037,
    "'d.45": 0.730381965637207,
    "ar.45": 0.7231919765472412
}