{
    "orb@b": 0.8053672909736633,
    "orb##": 0.7970627546310425,
    "orb@m": 0.795917272567749
}