{
    "orb#!": 0.8112527132034302,
    "orb@b": 0.8084820508956909,
    "orb0!": 0.8078382015228271
}