{
    ",icy1": 0.7644132375717163,
    ",icey": 0.7585036754608154,
    ",icy#": 0.7547079920768738
}