{
    "\\of(#": 0.7300499081611633,
    "\\of..": 0.7293033599853516,
    "\\of^?": 0.7265179753303528
}