{
    ".,and": 0.7987527847290039,
    "..and": 0.7984917163848877,
    "..at#": 0.7937028408050537
}