{
    "klx#)": 0.7142517566680908,
    "klx<2": 0.7102789282798767,
    "klx#1": 0.7083619832992554
}