{
    "n#2./": 0.7773255705833435,
    "##2./": 0.7760477066040039,
    "##2/@": 0.7746019959449768
}