{
    "\\box!": 0.7440506219863892,
    "\\box#": 0.7409941554069519,
    "\\box.": 0.7394219636917114
}