{
    "cot?·": 0.7418859004974365,
    "cot?-": 0.7391628623008728,
    "cot?;": 0.7355046272277832
}