{
    "(.1ak": 0.7355262041091919,
    ">!1ak": 0.7293987274169922,
    "w/1ak": 0.7240107655525208
}