{
    "w/1bk": 0.7961658835411072,
    "w00bk": 0.7232611775398254,
    "w/rdg": 0.7175137400627136
}