{
    "w/1bk": 0.7928383946418762,
    "w0bks": 0.7564069628715515,
    "w·bks": 0.7449203729629517
}