{
    "@_a_-": 0.7645775675773621,
    "(w/al": 0.7641746401786804,
    "(w/ai": 0.7623312473297119
}