{
    "pl4kd": 0.6983175873756409,
    "'l4kd": 0.678408145904541,
    "pl3kd": 0.6774771809577942
}