{
    ";1tcp": 0.6880049705505371,
    "=1tcp": 0.6859794855117798,
    "pltcp": 0.6837426424026489
}