{
    "~@9*f": 0.7645721435546875,
    "_,8*f": 0.7565137147903442,
    "_,9*f": 0.7549017667770386
}