{
    "'sgex": 0.7619907259941101,
    "s\\gex": 0.74527907371521,
    "^_gex": 0.7432646751403809
}