{
    "-'gex": 0.7409829497337341,
    "^_gex": 0.7403125762939453,
    "s\\gex": 0.7399667501449585
}