{
    ",fox^": 0.8061336278915405,
    ",fox!": 0.7997811436653137,
    ",fox;": 0.7966409921646118
}