{
    "n<fox": 0.8379120826721191,
    "n~fox": 0.8220055103302002,
    "n?fox": 0.8212807178497314
}