{
    "_,y@": 0.8260881900787354,
    "_,y/@": 0.8229438066482544,
    "(s).": 0.8223473429679871
}