{
    "/fowl": 0.8261614441871643,
    "w/owl": 0.8176933526992798,
    "'fowl": 0.8130235075950623
}