{
    "ax's;": 0.8518592119216919,
    "ax'in": 0.8503051996231079,
    "ax-y@": 0.8473590612411499
}