{
    "s%ax!": 0.886008620262146,
    "s%ax.": 0.8851311802864075,
    "s%ax^": 0.882636308670044
}