{
    "n'j#f": 0.6710582971572876,
    "n'j@f": 0.669619083404541,
    "n'j=f": 0.6676204204559326
}