{
    "n'j.#": 0.6811546683311462,
    "n'j#f": 0.6805399656295776,
    "n'j>f": 0.6791881322860718
}