{
    "/fowl": 0.8261614441871643,
    "'fowl": 0.8130235075950623,
    "#fowl": 0.809563159942627
}