{
    "(s!).": 0.7880546450614929,
    ",so).": 0.7863171100616455,
    "#@*).": 0.7835904359817505
}