{
    "owl1i": 0.7777895927429199,
    "owl4i": 0.768585205078125,
    "owl-w": 0.7660393714904785
}