{
    "owl1i": 0.783141016960144,
    "owl-w": 0.7791675329208374,
    "owl4i": 0.7738878726959229
}