{
    "w=f?r": 0.6562860012054443,
    "=b,f%": 0.6547063589096069,
    "=b#%f": 0.6539040803909302
}