{
    "=dk>f": 0.6772418022155762,
    "#dkc?": 0.676175057888031,
    "=dk>b": 0.6755200028419495
}