{
    "ak-45": 0.6971156597137451,
    "ar15^": 0.6954371929168701,
    "ar15": 0.6949707269668579
}