{
    "puxy!": 0.7518460154533386,
    "puxy^": 0.7456530332565308,
    "puxy·": 0.7419023513793945
}