{
    "(i)!)": 0.8070582151412964,
    "(s(?)": 0.8048373460769653,
    "(eh!)": 0.8048304319381714
}