{
    "o'caw": 0.7942410707473755,
    "n'caw": 0.7699148654937744,
    "w/caw": 0.7677063941955566
}