{
    "o'caw": 0.8024863004684448,
    "mbcaw": 0.7949142456054688,
    "vucaw": 0.787927508354187
}