{
    "!,bb8": 0.7468037009239197,
    "3=bb8": 0.7457526326179504,
    "n'bb8": 0.7416354417800903
}