{
    "boll!": 0.7733092904090881,
    "boll.": 0.7605313062667847,
    "boll^": 0.7565395832061768
}