{
    "ax@((": 0.6574094891548157,
    "om^2!": 0.6097330451011658,
    "om^2@": 0.6093910932540894
}