{
    "ax@((": 0.6702806353569031,
    "et@:)": 0.6608794927597046,
    "et#ik": 0.6251580715179443
}