{
    "/ax).": 0.8347529172897339,
    "/ax's": 0.8331921100616455,
    ";ax_,": 0.8284808397293091
}