{
    "or<mt": 0.6531907320022583,
    "o=>mt": 0.6504729986190796,
    "or/mt": 0.6425402164459229
}