{
    ";#2a": 0.7513904571533203,
    "w/a": 0.7489660382270813,
    "at": 0.7479335069656372
}