{
    "mfbug": 0.7293816804885864,
    "\\ibug": 0.7229059934616089,
    "n*bug": 0.7109677791595459
}