{
    "mfbug": 0.7331573963165283,
    "\\ibug": 0.7258641719818115,
    "n*bug": 0.7166258096694946
}