{
    "|bb8i": 0.7456684708595276,
    "/bb8|": 0.7421042323112488,
    "/bb8@": 0.7416881918907166
}