{
    "w/mt.": 0.8698973655700684,
    "y/mt.": 0.8175718784332275,
    "/mt.i": 0.815439760684967
}