{
    "/mt.i": 0.814888596534729,
    "=mt.i": 0.8044235706329346,
    "v#mt.": 0.8029054999351501
}