{
    ",2aks": 0.752086877822876,
    "(2aks": 0.7393211126327515,
    ">2aks": 0.7333177328109741
}