{
    "meoow": 0.8559368848800659,
    "meow3": 0.8313997983932495,
    "meow1": 0.8297232985496521
}