{
    "meoow": 0.8588804006576538,
    "meow/": 0.8481765985488892,
    "meow3": 0.847294270992279
}