{
    "at#_": 0.7698229551315308,
    ":-.#": 0.7679272890090942,
    "(ii))": 0.7657914161682129
}