{
    "(~~)-": 0.7733321785926819,
    "i~~)-": 0.7648211717605591,
    "(i~~)": 0.7647790908813477
}