{
    "n0bks": 0.7889708876609802,
    "s0bks": 0.7653642296791077,
    "w0bks": 0.7650439739227295
}