{
    "w00bk": 0.7172659039497375,
    ",t0bk": 0.7020471096038818,
    "gr0bk": 0.6846953630447388
}