{
    "asp##": 0.6661638617515564,
    "asp!#": 0.6557809114456177,
    "asp!:": 0.6553376913070679
}