{
    "ft.et": 0.6509152054786682,
    "i~)et": 0.6222221851348877,
    "i^=et": 0.6206182837486267
}