{
    "#..of": 0.7917948961257935,
    "\\..of": 0.7849010229110718,
    "#..in": 0.7828649282455444
}