{
    "/izgg": 0.7782873511314392,
    "/vygg": 0.7717124223709106,
    "/mygg": 0.7672795057296753
}