{
    "bp/oj": 0.666321873664856,
    "bp'oj": 0.6575926542282104,
    "bp\\oj": 0.6570253968238831
}