{
    ",0*c@": 0.7126072645187378,
    "@1*c@": 0.7047781944274902,
    "@9*c@": 0.7029949426651001
}