{
    "v·awd": 0.6950926780700684,
    "v.awd": 0.6933726072311401,
    "i-awd": 0.6843177080154419
}