{
    "=^>^·": 0.836091935634613,
    "=^>^~": 0.835868239402771,
    "=^>^.": 0.8357834815979004
}