{
    "\\ant!": 0.7106624841690063,
    "\\ant:": 0.7089558839797974,
    "\\ant^": 0.7079297304153442
}