{
    "ant(.": 0.6674737334251404,
    "ant-y": 0.6653121709823608,
    "ant~>": 0.6640583276748657
}