{
    "</an@": 0.8502360582351685,
    "/-and": 0.8497946262359619,
    "<-and": 0.8493078947067261
}