{
    ",i___": 0.8104835748672485,
    ",i^so": 0.803091287612915,
    "(i___": 0.8018006086349487
}