{
    ",ant^": 0.7604312896728516,
    ",ant!": 0.7570356130599976,
    "/ant|": 0.7562424540519714
}