{
    "ar-1": 0.734682023525238,
    "ar-16": 0.7343065738677979,
    "ar-19": 0.7333274483680725
}