{
    "·'tub": 0.7163679003715515,
    "#net~": 0.7140367031097412,
    "~net,": 0.7078448534011841
}