{
    "\\/net": 0.7212615013122559,
    "·'tub": 0.7187486886978149,
    "'net!": 0.7136262655258179
}