{
    "b4icy": 0.7656332850456238,
    "i\\icy": 0.7535055875778198,
    "a'icy": 0.7503688335418701
}