{
    "i:icy": 0.7583537697792053,
    "i\\icy": 0.754092812538147,
    "w1icy": 0.752487063407898
}