{
    ".__ii": 0.8075085878372192,
    ".__": 0.8068751692771912,
    ".__2!": 0.8064658641815186
}