{
    ";ogo=": 0.7000471949577332,
    ",ogo=": 0.6996941566467285,
    "\\ogo|": 0.6981730461120605
}