{
    "/vygg": 0.7717124223709106,
    "/mygg": 0.7672795057296753,
    "^vygg": 0.7621729373931885
}