{
    "~\\~on": 0.738624095916748,
    "~\\~in": 0.7336964011192322,
    ",\\~.0": 0.7332780361175537
}