{
    "(1..#": 0.7480812072753906,
    "(2..#": 0.7478002309799194,
    ",1..#": 0.7452098727226257
}