{
    "and.@": 0.8258427381515503,
    "and@_": 0.8253253698348999,
    "and1_": 0.8236879110336304
}