{
    "##in#": 0.7364869117736816,
    "#.(!)": 0.7317197322845459,
    "n/@iy": 0.7315000295639038
}