{
    "w/ami": 0.6458911895751953,
    "w/iri": 0.6345237493515015,
    "w/zyi": 0.6274735331535339
}