{
    "w/ayu": 0.6266218423843384,
    "w/zyi": 0.6114988327026367,
    "w/ari": 0.6073722243309021
}