{
    "n@_z~": 0.6026034355163574,
    "n@kt~": 0.5913444757461548,
    "n@_k~": 0.585126519203186
}