{
    ".=,^!": 0.8428353071212769,
    ".=,^#": 0.8393194079399109,
    "=~,^.": 0.8391638994216919
}