{
    ",some": 0.7883214950561523,
    "/some": 0.7835172414779663,
    "\\(...": 0.7832355499267578
}