{
    "fo7km": 0.6827296018600464,
    "nd6km": 0.6819036602973938,
    "nj8km": 0.6757218837738037
}