{
    "bqggs": 0.6727985143661499,
    "0g\\lz": 0.64809250831604,
    "'lq_.": 0.6427491307258606
}