{
    "y3g,.": 0.6591767072677612,
    "bp/aq": 0.6415194272994995,
    "y3g<<": 0.6400981545448303
}