{
    "(<)!)": 0.7673211097717285,
    "(.(!)": 0.7654542922973633,
    "(-)*)": 0.7644064426422119
}