{
    "(in#2": 0.7588469982147217,
    "(i).)": 0.7557753324508667,
    "(in#3": 0.7557185292243958
}