{
    "w/cot": 0.7535938024520874,
    "n<cot": 0.7119384407997131,
    "pavys": 0.7089903354644775
}