{
    "pit'!": 0.7515324950218201,
    "pit!.": 0.7468776702880859,
    "pit^2": 0.7458704710006714
}