{
    "(s).)": 0.8172630071640015,
    "(s!*)": 0.8161489963531494,
    "(s)),": 0.8155429363250732
}