{
    "2x7km": 0.6588433980941772,
    "2x9km": 0.6572957634925842,
    "4x6km": 0.6572912931442261
}