{
    "mfbug": 0.7293816804885864,
    "\\ibug": 0.7229059934616089,
    "pubug": 0.7132396697998047
}