{
    "mfbug": 0.7331573963165283,
    "\\ibug": 0.7258641719818115,
    "\\fbug": 0.7148717641830444
}