{
    "=·x^!": 0.7656951546669006,
    "=~,^!": 0.7621285915374756,
    "=~,^?": 0.7618628144264221
}