{
    "w@>^!": 0.7294317483901978,
    "g@=^!": 0.7285772562026978,
    "k9kp!": 0.7257769107818604
}