{
    "grrab": 0.8016919493675232,
    "-krab": 0.7694560289382935,
    "'krab": 0.750389039516449
}