{
    "\\\\ant": 0.7425923347473145,
    "x\\ant": 0.7208594679832458,
    "n<ant": 0.7164623141288757
}