{
    ",in#": 0.7820830941200256,
    "n/e": 0.7812515497207642,
    ",w/#": 0.780400812625885
}