{
    "w/mt.": 0.8890658020973206,
    "y/mt.": 0.8647618889808655,
    "_,mt.": 0.8488823771476746
}