{
    "_,i).": 0.7815650701522827,
    "),i).": 0.7796696424484253,
    "((i).": 0.7793630361557007
}