{
    "ant(.": 0.6629976630210876,
    "ant-y": 0.6605011820793152,
    "ant~>": 0.6596904397010803
}