{
    ",i!__": 0.8143866062164307,
    "..!_)": 0.8044768571853638,
    "..^on": 0.8022091388702393
}