{
    "rafts": 0.7360490560531616,
    "\\mat!": 0.7211790084838867,
    "\\mat|": 0.7120373845100403
}