{
    "-tub#": 0.7466387748718262,
    "-tub!": 0.745531439781189,
    "-tub\\": 0.7438743114471436
}