{
    "pud?·": 0.691948413848877,
    "pud?f": 0.6908019781112671,
    "p%cd·": 0.684333324432373
}