{
    "pud?·": 0.7102243900299072,
    "pud?f": 0.7075185775756836,
    "pud//": 0.7007583379745483
}