{
    "and,a": 0.8155686259269714,
    "and@_": 0.8125247359275818,
    "and,@": 0.8105743527412415
}