{
    "(\\(!)": 0.8507033586502075,
    "</(!)": 0.850234866142273,
    "/-and": 0.8497946262359619
}