{
    "ax's;": 0.8518592119216919,
    "ax's(": 0.8507343530654907,
    "ax.'s": 0.8507224321365356
}