{
    "puss!": 0.773470938205719,
    "puss\\": 0.7708995342254639,
    "puss^": 0.769408643245697
}