{
    "k*q.k": 0.7536693811416626,
    "k*q.t": 0.7338933348655701,
    "k9mrs": 0.7149682641029358
}