{
    "bin!#": 0.7972091436386108,
    "bin.#": 0.7970976829528809,
    "bin|#": 0.7969968318939209
}