{
    "/axe=": 0.8932002782821655,
    "\\axe!": 0.885148286819458,
    "\\axe>": 0.8834793567657471
}