{
    "ax-of": 0.8501404523849487,
    "ax-ey": 0.8493267297744751,
    "ax'at": 0.8476927876472473
}