{
    "n/sea": 0.7650648355484009,
    "n-sea": 0.7648814916610718,
    "n@sea": 0.760480523109436
}