{
    "mat/t": 0.6443228721618652,
    "mat/s": 0.6430035829544067,
    "mat^2": 0.6385787725448608
}