{
    "mat/s": 0.6693575382232666,
    "mat^2": 0.6690553426742554,
    "mat\\o": 0.6674422025680542
}