{
    ",2(?)": 0.8109748363494873,
    ",2(!)": 0.8034359812736511,
    ",w(?)": 0.8020432591438293
}