{
    "n/oj#": 0.6730478405952454,
    "n/oj\\": 0.6704126596450806,
    "n/oj@": 0.6679008603096008
}